-- phpMyAdmin SQL Dump
-- version 5.2.1
-- https://www.phpmyadmin.net/
--
-- Host: 127.0.0.1
-- Generation Time: Jul 18, 2023 at 04:10 PM
-- Server version: 10.4.28-MariaDB
-- PHP Version: 8.0.28

SET SQL_MODE = "NO_AUTO_VALUE_ON_ZERO";
START TRANSACTION;
SET time_zone = "+00:00";


/*!40101 SET @OLD_CHARACTER_SET_CLIENT=@@CHARACTER_SET_CLIENT */;
/*!40101 SET @OLD_CHARACTER_SET_RESULTS=@@CHARACTER_SET_RESULTS */;
/*!40101 SET @OLD_COLLATION_CONNECTION=@@COLLATION_CONNECTION */;
/*!40101 SET NAMES utf8mb4 */;

--
-- Database: `school`
--

-- --------------------------------------------------------

--
-- Table structure for table `adds_subject`
--

CREATE TABLE `adds_subject` (
  `SUB_ID` varchar(6) NOT NULL,
  `SUB_ADDSIN_SESSION` varchar(9) NOT NULL,
  `C_ID` varchar(6) DEFAULT NULL
) ENGINE=InnoDB DEFAULT CHARSET=utf8mb4 COLLATE=utf8mb4_general_ci;

--
-- Dumping data for table `adds_subject`
--

INSERT INTO `adds_subject` (`SUB_ID`, `SUB_ADDSIN_SESSION`, `C_ID`) VALUES
('S-4013', '2016-2017', 'C-101'),
('S-4023', '2017-2018', 'C-102'),
('S-4033', '2018-2019', 'C-103'),
('S-4045', '2016-2017', 'C-104'),
('S-4055', '2017-2018', 'C-105'),
('S-4066', '2017-2018', 'C-106'),
('S-4067', '2018-2019', 'C-106'),
('S-4076', '2018-2019', 'C-107'),
('S-4077', '2019-2020', 'C-107'),
('S-4086', '2019-2020', 'C-108'),
('S-4087', '2020-2021', 'C-108'),
('S-4096', '2018-2019', 'C-110'),
('S-4106', '2017-2018', 'C-109');

-- --------------------------------------------------------

--
-- Table structure for table `admin`
--

CREATE TABLE `admin` (
  `A_ID` int(3) NOT NULL,
  `A_FNAME` varchar(50) DEFAULT NULL,
  `A_LNAME` varchar(50) DEFAULT NULL,
  `A_PWD` varchar(15) DEFAULT NULL
) ENGINE=InnoDB DEFAULT CHARSET=utf8mb4 COLLATE=utf8mb4_general_ci;

--
-- Dumping data for table `admin`
--

INSERT INTO `admin` (`A_ID`, `A_FNAME`, `A_LNAME`, `A_PWD`) VALUES
(901, 'Mahnoor', 'Malik', 'Malik123');

-- --------------------------------------------------------

--
-- Table structure for table `class`
--

CREATE TABLE `class` (
  `C_ID` varchar(6) NOT NULL,
  `CLASS_NAME` varchar(10) NOT NULL,
  `T_ID` varchar(6) DEFAULT NULL,
  `S_ID` varchar(6) DEFAULT NULL
) ENGINE=InnoDB DEFAULT CHARSET=utf8mb4 COLLATE=utf8mb4_general_ci;

--
-- Dumping data for table `class`
--

INSERT INTO `class` (`C_ID`, `CLASS_NAME`, `T_ID`, `S_ID`) VALUES
('C-101', 'ONE', 'T-5003', 'S-0001'),
('C-102', 'TWO', 'T-5006', 'S-0002'),
('C-103', 'THREE', 'T-5019', 'S-0003'),
('C-104', 'FOUR', 'T-5018', 'S-0004'),
('C-105', 'FIVE', 'T-5024', 'S-0005'),
('C-106', 'SIX', 'T-5017', 'S-0006'),
('C-107', 'SEVEN', 'T-5016', 'S-0007'),
('C-108', 'EIGHT', 'T-5020', 'S-0008'),
('C-109', 'NINE', 'T-5023', 'S-0009'),
('C-110', 'TEN', 'T-5025', 'S-0010'),
('C-101', 'ONE', 'T-5003', 'S-0011'),
('C-102', 'TWO', 'T-5006', 'S-0012'),
('C-102', 'TWO', 'T-5006', 'S-0022'),
('C-102', 'TWO', 'T-5006', 'S-0032'),
('C-102', 'TWO', 'T-5006', 'S-0042'),
('C-102', 'TWO', 'T-5006', 'S-0052'),
('C-102', 'TWO', 'T-5006', 'S-0062'),
('C-102', 'TWO', 'T-5006', 'S-0072'),
('C-102', 'TWO', 'T-5006', 'S-0082'),
('C-102', 'TWO', 'T-5006', 'S-0092'),
('C-101', 'ONE', 'T-5003', 'S-0021'),
('C-101', 'ONE', 'T-5003', 'S-0031'),
('C-101', 'ONE', 'T-5003', 'S-0041'),
('C-101', 'ONE', 'T-5003', 'S-0051'),
('C-101', 'ONE', 'T-5003', 'S-0061'),
('C-101', 'ONE', 'T-5003', 'S-0071'),
('C-101', 'ONE', 'T-5003', 'S-0081'),
('C-101', 'ONE', 'T-5003', 'S-0091'),
('C-103', 'THREE', 'T-5019', 'S-0013'),
('C-103', 'THREE', 'T-5019', 'S-0023'),
('C-103', 'THREE', 'T-5019', 'S-0033'),
('C-103', 'THREE', 'T-5019', 'S-0043'),
('C-103', 'THREE', 'T-5019', 'S-0053'),
('C-103', 'THREE', 'T-5019', 'S-0063'),
('C-103', 'THREE', 'T-5019', 'S-0073'),
('C-103', 'THREE', 'T-5019', 'S-0083'),
('C-103', 'THREE', 'T-5019', 'S-0093'),
('C-104', 'FOUR', 'T-5018', 'S-0014'),
('C-104', 'FOUR', 'T-5018', 'S-0024'),
('C-104', 'FOUR', 'T-5018', 'S-0034'),
('C-104', 'FOUR', 'T-5018', 'S-0044'),
('C-104', 'FOUR', 'T-5018', 'S-0054'),
('C-104', 'FOUR', 'T-5018', 'S-0064'),
('C-104', 'FOUR', 'T-5018', 'S-0074'),
('C-104', 'FOUR', 'T-5018', 'S-0084'),
('C-104', 'FOUR', 'T-5018', 'S-0094'),
('C-105', 'FIVE', 'T-5024', 'S-0015'),
('C-105', 'FIVE', 'T-5024', 'S-0025'),
('C-105', 'FIVE', 'T-5024', 'S-0035'),
('C-105', 'FIVE', 'T-5024', 'S-0045'),
('C-105', 'FIVE', 'T-5024', 'S-0055'),
('C-105', 'FIVE', 'T-5024', 'S-0065'),
('C-105', 'FIVE', 'T-5024', 'S-0075'),
('C-105', 'FIVE', 'T-5024', 'S-0085'),
('C-105', 'FIVE', 'T-5024', 'S-0095'),
('C-106', 'SIX', 'T-5017', 'S-0016'),
('C-106', 'SIX', 'T-5017', 'S-0026'),
('C-106', 'SIX', 'T-5017', 'S-0036'),
('C-106', 'SIX', 'T-5017', 'S-0046'),
('C-106', 'SIX', 'T-5017', 'S-0056'),
('C-106', 'SIX', 'T-5017', 'S-0066'),
('C-106', 'SIX', 'T-5017', 'S-0076'),
('C-106', 'SIX', 'T-5017', 'S-0086'),
('C-106', 'SIX', 'T-5017', 'S-0096'),
('C-107', 'SEVEN', 'T-5016', 'S-0017'),
('C-107', 'SEVEN', 'T-5016', 'S-0027'),
('C-107', 'SEVEN', 'T-5016', 'S-0037'),
('C-107', 'SEVEN', 'T-5016', 'S-0047'),
('C-107', 'SEVEN', 'T-5016', 'S-0057'),
('C-107', 'SEVEN', 'T-5016', 'S-0067'),
('C-107', 'SEVEN', 'T-5016', 'S-0077'),
('C-107', 'SEVEN', 'T-5016', 'S-0087'),
('C-107', 'SEVEN', 'T-5016', 'S-0097'),
('C-108', 'EIGHT', 'T-5020', 'S-0018'),
('C-108', 'EIGHT', 'T-5020', 'S-0028'),
('C-108', 'EIGHT', 'T-5020', 'S-0038'),
('C-108', 'EIGHT', 'T-5020', 'S-0048'),
('C-108', 'EIGHT', 'T-5020', 'S-0058'),
('C-108', 'EIGHT', 'T-5020', 'S-0068'),
('C-108', 'EIGHT', 'T-5020', 'S-0078'),
('C-108', 'EIGHT', 'T-5020', 'S-0088'),
('C-108', 'EIGHT', 'T-5020', 'S-0098'),
('C-110', 'TEN', 'T-5025', 'S-0020'),
('C-110', 'TEN', 'T-5025', 'S-0030'),
('C-110', 'TEN', 'T-5025', 'S-0040'),
('C-110', 'TEN', 'T-5025', 'S-0050'),
('C-110', 'TEN', 'T-5025', 'S-0060'),
('C-110', 'TEN', 'T-5025', 'S-0070'),
('C-110', 'TEN', 'T-5025', 'S-0080'),
('C-110', 'TEN', 'T-5025', 'S-0090'),
('C-110', 'TEN', 'T-5025', 'S-0100'),
('C-109', 'NINE', 'T-5023', 'S-0019'),
('C-109', 'NINE', 'T-5023', 'S-0029'),
('C-109', 'NINE', 'T-5023', 'S-0039'),
('C-109', 'NINE', 'T-5023', 'S-0049'),
('C-109', 'NINE', 'T-5023', 'S-0059'),
('C-109', 'NINE', 'T-5023', 'S-0069'),
('C-109', 'NINE', 'T-5023', 'S-0079'),
('C-109', 'NINE', 'T-5023', 'S-0089'),
('C-109', 'NINE', 'T-5023', 'S-0099');

-- --------------------------------------------------------

--
-- Table structure for table `enrolls_student`
--

CREATE TABLE `enrolls_student` (
  `S_ID` varchar(6) NOT NULL,
  `ENROLL_YEAR` varchar(4) NOT NULL,
  `C_ID` varchar(6) DEFAULT NULL
) ENGINE=InnoDB DEFAULT CHARSET=utf8mb4 COLLATE=utf8mb4_general_ci;

--
-- Dumping data for table `enrolls_student`
--

INSERT INTO `enrolls_student` (`S_ID`, `ENROLL_YEAR`, `C_ID`) VALUES
('S-0001', '2018', 'C-101'),
('S-0002', '2016', 'C-102'),
('S-0003', '2016', 'C-103'),
('S-0004', '2017', 'C-104'),
('S-0005', '2016', 'C-105'),
('S-0006', '2017', 'C-106'),
('S-0007', '2016', 'C-107'),
('S-0008', '2017', 'C-108'),
('S-0009', '2016', 'C-109'),
('S-0010', '2015', 'C-110'),
('S-0011', '2018', 'C-101'),
('S-0012', '2016', 'C-102'),
('S-0013', '2016', 'C-103'),
('S-0014', '2017', 'C-104'),
('S-0015', '2016', 'C-105'),
('S-0016', '2017', 'C-106'),
('S-0017', '2016', 'C-107'),
('S-0018', '2017', 'C-108'),
('S-0019', '2016', 'C-109'),
('S-0020', '2016', 'C-110'),
('S-0021', '2019', 'C-101'),
('S-0022', '2017', 'C-102'),
('S-0023', '2017', 'C-103'),
('S-0024', '2017', 'C-104'),
('S-0025', '2017', 'C-105'),
('S-0026', '2017', 'C-106'),
('S-0027', '2017', 'C-107'),
('S-0028', '2017', 'C-108'),
('S-0029', '2017', 'C-109'),
('S-0030', '2017', 'C-110'),
('S-0031', '2019', 'C-101'),
('S-0032', '2018', 'C-102'),
('S-0033', '2018', 'C-103'),
('S-0034', '2018', 'C-104'),
('S-0035', '2018', 'C-105'),
('S-0036', '2018', 'C-106'),
('S-0037', '2018', 'C-107'),
('S-0038', '2018', 'C-108'),
('S-0039', '2018', 'C-109'),
('S-0040', '2018', 'C-110'),
('S-0041', '2019', 'C-101'),
('S-0042', '2018', 'C-102'),
('S-0043', '2018', 'C-103'),
('S-0044', '2019', 'C-104'),
('S-0045', '2018', 'C-105'),
('S-0046', '2019', 'C-106'),
('S-0047', '2019', 'C-107'),
('S-0048', '2019', 'C-108'),
('S-0049', '2018', 'C-109'),
('S-0050', '2019', 'C-110'),
('S-0051', '2020', 'C-101'),
('S-0052', '2018', 'C-102'),
('S-0053', '2018', 'C-103'),
('S-0054', '2019', 'C-104'),
('S-0055', '2019', 'C-105'),
('S-0056', '2019', 'C-106'),
('S-0057', '2019', 'C-107'),
('S-0058', '2019', 'C-108'),
('S-0059', '2018', 'C-109'),
('S-0060', '2019', 'C-110'),
('S-0061', '2020', 'C-101'),
('S-0062', '2019', 'C-102'),
('S-0063', '2019', 'C-103'),
('S-0064', '2020', 'C-104'),
('S-0065', '2019', 'C-105'),
('S-0066', '2020', 'C-106'),
('S-0067', '2020', 'C-107'),
('S-0068', '2020', 'C-108'),
('S-0069', '2019', 'C-109'),
('S-0070', '2020', 'C-110'),
('S-0071', '2021', 'C-101'),
('S-0072', '2019', 'C-102'),
('S-0073', '2019', 'C-103'),
('S-0074', '2020', 'C-104'),
('S-0075', '2020', 'C-105'),
('S-0076', '2020', 'C-106'),
('S-0077', '2020', 'C-107'),
('S-0078', '2020', 'C-108'),
('S-0079', '2020', 'C-109'),
('S-0080', '2020', 'C-110'),
('S-0081', '2021', 'C-101'),
('S-0082', '2020', 'C-102'),
('S-0083', '2020', 'C-103'),
('S-0084', '2021', 'C-104'),
('S-0085', '2020', 'C-105'),
('S-0086', '2022', 'C-106'),
('S-0087', '2021', 'C-107'),
('S-0088', '2021', 'C-108'),
('S-0089', '2020', 'C-109'),
('S-0090', '2021', 'C-110'),
('S-0091', '2021', 'C-101'),
('S-0092', '2021', 'C-102'),
('S-0093', '2021', 'C-103'),
('S-0094', '2021', 'C-104'),
('S-0095', '2021', 'C-105'),
('S-0096', '2022', 'C-106'),
('S-0097', '2022', 'C-107'),
('S-0098', '2022', 'C-108'),
('S-0099', '2022', 'C-109'),
('S-0100', '2023', 'C-110');

-- --------------------------------------------------------

--
-- Table structure for table `exam`
--

CREATE TABLE `exam` (
  `E_ID` varchar(6) NOT NULL,
  `E_DATE` date DEFAULT NULL,
  `E_MARKS` int(3) DEFAULT NULL,
  `S_ID` varchar(6) NOT NULL,
  `SUB_ID` varchar(6) DEFAULT NULL,
  `T_ID` varchar(6) NOT NULL
) ENGINE=InnoDB DEFAULT CHARSET=utf8mb4 COLLATE=utf8mb4_general_ci;

--
-- Dumping data for table `exam`
--

INSERT INTO `exam` (`E_ID`, `E_DATE`, `E_MARKS`, `S_ID`, `SUB_ID`, `T_ID`) VALUES
('E-3001', '2022-10-17', 80, 'S-0001', 'S-4011', 'T-5003'),
('E-3001', '2022-10-17', 71, 'S-0011', 'S-4011', 'T-5003'),
('E-3001', '2022-10-17', 67, 'S-0021', 'S-4011', 'T-5003'),
('E-3001', '2022-10-17', 71, 'S-0031', 'S-4011', 'T-5003'),
('E-3001', '2022-10-17', 76, 'S-0041', 'S-4011', 'T-5003'),
('E-3001', '2022-10-17', 69, 'S-0051', 'S-4011', 'T-5003'),
('E-3001', '2022-10-17', 80, 'S-0061', 'S-4011', 'T-5003'),
('E-3001', '2022-10-17', 89, 'S-0071', 'S-4011', 'T-5003'),
('E-3001', '2022-10-17', 76, 'S-0081', 'S-4011', 'T-5003'),
('E-3001', '2022-10-17', 95, 'S-0091', 'S-4011', 'T-5003'),
('E-3002', '2022-10-19', 65, 'S-0001', 'S-4012', 'T-5020'),
('E-3002', '2022-10-19', 71, 'S-0011', 'S-4012', 'T-5020'),
('E-3002', '2022-10-19', 94, 'S-0021', 'S-4012', 'T-5020'),
('E-3002', '2022-10-19', 59, 'S-0031', 'S-4012', 'T-5020'),
('E-3002', '2022-10-19', 89, 'S-0041', 'S-4012', 'T-5020'),
('E-3002', '2022-10-19', 80, 'S-0051', 'S-4012', 'T-5020'),
('E-3002', '2022-10-19', 66, 'S-0061', 'S-4012', 'T-5020'),
('E-3002', '2022-10-19', 81, 'S-0071', 'S-4012', 'T-5020'),
('E-3002', '2022-10-19', 63, 'S-0081', 'S-4012', 'T-5020'),
('E-3002', '2022-10-19', 83, 'S-0091', 'S-4012', 'T-5020'),
('E-3003', '2022-10-21', 67, 'S-0001', 'S-4013', 'T-5015'),
('E-3003', '2022-10-21', 76, 'S-0011', 'S-4013', 'T-5015'),
('E-3003', '2022-10-21', 87, 'S-0021', 'S-4013', 'T-5015'),
('E-3003', '2022-10-21', 63, 'S-0031', 'S-4013', 'T-5015'),
('E-3003', '2022-10-21', 81, 'S-0041', 'S-4013', 'T-5015'),
('E-3003', '2022-10-21', 67, 'S-0051', 'S-4013', 'T-5015'),
('E-3003', '2022-10-21', 80, 'S-0061', 'S-4013', 'T-5015'),
('E-3003', '2022-10-21', 91, 'S-0071', 'S-4013', 'T-5015'),
('E-3003', '2022-10-21', 77, 'S-0081', 'S-4013', 'T-5015'),
('E-3003', '2022-10-21', 65, 'S-0091', 'S-4013', 'T-5015'),
('E-3004', '2022-10-17', 76, 'S-0002', 'S-4021', 'T-5006'),
('E-3004', '2022-10-17', 87, 'S-0012', 'S-4021', 'T-5006'),
('E-3004', '2022-10-17', 65, 'S-0022', 'S-4021', 'T-5006'),
('E-3004', '2022-10-17', 63, 'S-0032', 'S-4021', 'T-5006'),
('E-3004', '2022-10-17', 80, 'S-0042', 'S-4021', 'T-5006'),
('E-3004', '2022-10-17', 67, 'S-0052', 'S-4021', 'T-5006'),
('E-3004', '2022-10-17', 66, 'S-0062', 'S-4021', 'T-5006'),
('E-3004', '2022-10-17', 81, 'S-0072', 'S-4021', 'T-5006'),
('E-3004', '2022-10-17', 90, 'S-0082', 'S-4021', 'T-5006'),
('E-3004', '2022-10-17', 65, 'S-0092', 'S-4021', 'T-5006'),
('E-3005', '2022-10-19', 67, 'S-0002', 'S-4022', 'T-5004'),
('E-3005', '2022-10-19', 78, 'S-0012', 'S-4022', 'T-5004'),
('E-3005', '2022-10-19', 65, 'S-0022', 'S-4022', 'T-5004'),
('E-3005', '2022-10-19', 63, 'S-0032', 'S-4022', 'T-5004'),
('E-3005', '2022-10-19', 86, 'S-0042', 'S-4022', 'T-5004'),
('E-3005', '2022-10-19', 67, 'S-0052', 'S-4022', 'T-5004'),
('E-3005', '2022-10-19', 61, 'S-0062', 'S-4022', 'T-5004'),
('E-3005', '2022-10-19', 80, 'S-0072', 'S-4022', 'T-5004'),
('E-3005', '2022-10-19', 80, 'S-0082', 'S-4022', 'T-5004'),
('E-3005', '2022-10-19', 63, 'S-0092', 'S-4022', 'T-5004'),
('E-3006', '2022-10-21', 78, 'S-0002', 'S-4023', 'T-5025'),
('E-3006', '2022-10-21', 87, 'S-0012', 'S-4023', 'T-5025'),
('E-3006', '2022-10-21', 58, 'S-0022', 'S-4023', 'T-5025'),
('E-3006', '2022-10-21', 63, 'S-0032', 'S-4023', 'T-5025'),
('E-3006', '2022-10-21', 81, 'S-0042', 'S-4023', 'T-5025'),
('E-3006', '2022-10-21', 89, 'S-0052', 'S-4023', 'T-5025'),
('E-3006', '2022-10-21', 76, 'S-0062', 'S-4023', 'T-5025'),
('E-3006', '2022-10-21', 0, 'S-0072', 'S-4023', 'T-5025'),
('E-3006', '2022-10-21', 90, 'S-0082', 'S-4023', 'T-5025'),
('E-3006', '2022-10-21', 65, 'S-0092', 'S-4023', 'T-5025'),
('E-3007', '2022-10-17', 87, 'S-0003', 'S-4031', 'T-5007'),
('E-3007', '2022-10-17', 76, 'S-0013', 'S-4031', 'T-5007'),
('E-3007', '2022-10-17', 58, 'S-0023', 'S-4031', 'T-5007'),
('E-3007', '2022-10-17', 69, 'S-0033', 'S-4031', 'T-5007'),
('E-3007', '2022-10-17', 80, 'S-0043', 'S-4031', 'T-5007'),
('E-3007', '2022-10-17', 67, 'S-0053', 'S-4031', 'T-5007'),
('E-3007', '2022-10-17', 66, 'S-0063', 'S-4031', 'T-5007'),
('E-3007', '2022-10-17', 91, 'S-0073', 'S-4031', 'T-5007'),
('E-3007', '2022-10-17', 90, 'S-0083', 'S-4031', 'T-5007'),
('E-3007', '2022-10-17', 83, 'S-0093', 'S-4031', 'T-5007'),
('E-3008', '2022-10-19', 87, 'S-0003', 'S-4032', 'T-5002'),
('E-3008', '2022-10-19', 89, 'S-0013', 'S-4032', 'T-5002'),
('E-3008', '2022-10-19', 87, 'S-0023', 'S-4032', 'T-5002'),
('E-3008', '2022-10-19', 70, 'S-0033', 'S-4032', 'T-5002'),
('E-3008', '2022-10-19', 82, 'S-0043', 'S-4032', 'T-5002'),
('E-3008', '2022-10-19', 80, 'S-0053', 'S-4032', 'T-5002'),
('E-3008', '2022-10-19', 70, 'S-0063', 'S-4032', 'T-5002'),
('E-3008', '2022-10-19', 81, 'S-0073', 'S-4032', 'T-5002'),
('E-3008', '2022-10-19', 67, 'S-0083', 'S-4032', 'T-5002'),
('E-3008', '2022-10-19', 78, 'S-0093', 'S-4032', 'T-5002'),
('E-3009', '2022-10-21', 87, 'S-0003', 'S-4033', 'T-5006'),
('E-3009', '2022-10-21', 70, 'S-0013', 'S-4033', 'T-5006'),
('E-3009', '2022-10-21', 65, 'S-0023', 'S-4033', 'T-5006'),
('E-3009', '2022-10-21', 75, 'S-0033', 'S-4033', 'T-5006'),
('E-3009', '2022-10-21', 75, 'S-0043', 'S-4033', 'T-5006'),
('E-3009', '2022-10-21', 89, 'S-0053', 'S-4033', 'T-5006'),
('E-3009', '2022-10-21', 85, 'S-0063', 'S-4033', 'T-5006'),
('E-3009', '2022-10-21', 88, 'S-0073', 'S-4033', 'T-5006'),
('E-3009', '2022-10-21', 91, 'S-0083', 'S-4033', 'T-5006'),
('E-3009', '2022-10-21', 89, 'S-0093', 'S-4033', 'T-5006'),
('E-3010', '2022-10-17', 80, 'S-0004', 'S-4041', 'T-5001'),
('E-3010', '2022-10-17', 76, 'S-0014', 'S-4041', 'T-5001'),
('E-3010', '2022-10-17', 58, 'S-0024', 'S-4041', 'T-5001'),
('E-3010', '2022-10-17', 63, 'S-0034', 'S-4041', 'T-5001'),
('E-3010', '2022-10-17', 89, 'S-0044', 'S-4041', 'T-5001'),
('E-3010', '2022-10-17', 89, 'S-0054', 'S-4041', 'T-5001'),
('E-3010', '2022-10-17', 76, 'S-0064', 'S-4041', 'T-5001'),
('E-3010', '2022-10-17', 0, 'S-0074', 'S-4041', 'T-5001'),
('E-3010', '2022-10-17', 90, 'S-0084', 'S-4041', 'T-5001'),
('E-3010', '2022-10-17', 65, 'S-0094', 'S-4041', 'T-5001'),
('E-3011', '2022-10-19', 87, 'S-0004', 'S-4042', 'T-5017'),
('E-3011', '2022-10-19', 63, 'S-0014', 'S-4042', 'T-5017'),
('E-3011', '2022-10-19', 89, 'S-0024', 'S-4042', 'T-5017'),
('E-3011', '2022-10-19', 51, 'S-0034', 'S-4042', 'T-5017'),
('E-3011', '2022-10-19', 85, 'S-0044', 'S-4042', 'T-5017'),
('E-3011', '2022-10-19', 72, 'S-0054', 'S-4042', 'T-5017'),
('E-3011', '2022-10-19', 92, 'S-0064', 'S-4042', 'T-5017'),
('E-3011', '2022-10-19', 86, 'S-0074', 'S-4042', 'T-5017'),
('E-3011', '2022-10-19', 69, 'S-0084', 'S-4042', 'T-5017'),
('E-3011', '2022-10-19', 78, 'S-0094', 'S-4042', 'T-5017'),
('E-3012', '2022-10-21', 80, 'S-0004', 'S-4043', 'T-5023'),
('E-3012', '2022-10-21', 76, 'S-0014', 'S-4043', 'T-5023'),
('E-3012', '2022-10-21', 87, 'S-0024', 'S-4043', 'T-5023'),
('E-3012', '2022-10-21', 69, 'S-0034', 'S-4043', 'T-5023'),
('E-3012', '2022-10-21', 80, 'S-0044', 'S-4043', 'T-5023'),
('E-3012', '2022-10-21', 67, 'S-0054', 'S-4043', 'T-5023'),
('E-3012', '2022-10-21', 66, 'S-0064', 'S-4043', 'T-5023'),
('E-3012', '2022-10-21', 0, 'S-0074', 'S-4043', 'T-5023'),
('E-3012', '2022-10-21', 63, 'S-0084', 'S-4043', 'T-5023'),
('E-3012', '2022-10-21', 65, 'S-0094', 'S-4043', 'T-5023'),
('E-3013', '2022-10-25', 80, 'S-0004', 'S-4044', 'T-5012'),
('E-3013', '2022-10-25', 76, 'S-0014', 'S-4044', 'T-5012'),
('E-3013', '2022-10-25', 87, 'S-0024', 'S-4044', 'T-5012'),
('E-3013', '2022-10-25', 69, 'S-0034', 'S-4044', 'T-5012'),
('E-3013', '2022-10-25', 80, 'S-0044', 'S-4044', 'T-5012'),
('E-3013', '2022-10-25', 67, 'S-0054', 'S-4044', 'T-5012'),
('E-3013', '2022-10-25', 66, 'S-0064', 'S-4044', 'T-5012'),
('E-3013', '2022-10-25', 0, 'S-0074', 'S-4044', 'T-5012'),
('E-3013', '2022-10-25', 63, 'S-0084', 'S-4044', 'T-5012'),
('E-3013', '2022-10-25', 65, 'S-0094', 'S-4044', 'T-5012'),
('E-3014', '2022-10-27', 65, 'S-0004', 'S-4045', 'T-5005'),
('E-3014', '2022-10-27', 60, 'S-0014', 'S-4045', 'T-5005'),
('E-3014', '2022-10-27', 90, 'S-0024', 'S-4045', 'T-5005'),
('E-3014', '2022-10-27', 89, 'S-0034', 'S-4045', 'T-5005'),
('E-3014', '2022-10-27', 77, 'S-0044', 'S-4045', 'T-5005'),
('E-3014', '2022-10-27', 67, 'S-0054', 'S-4045', 'T-5005'),
('E-3014', '2022-10-27', 66, 'S-0064', 'S-4045', 'T-5005'),
('E-3014', '2022-10-27', 71, 'S-0074', 'S-4045', 'T-5005'),
('E-3014', '2022-10-27', 63, 'S-0084', 'S-4045', 'T-5005'),
('E-3014', '2022-10-27', 65, 'S-0094', 'S-4045', 'T-5005'),
('E-3015', '2022-10-17', 67, 'S-0005', 'S-4051', 'T-5014'),
('E-3015', '2022-10-17', 76, 'S-0015', 'S-4051', 'T-5014'),
('E-3015', '2022-10-17', 76, 'S-0025', 'S-4051', 'T-5014'),
('E-3015', '2022-10-17', 69, 'S-0035', 'S-4051', 'T-5014'),
('E-3015', '2022-10-17', 80, 'S-0045', 'S-4051', 'T-5014'),
('E-3015', '2022-10-17', 67, 'S-0055', 'S-4051', 'T-5014'),
('E-3015', '2022-10-17', 62, 'S-0065', 'S-4051', 'T-5014'),
('E-3015', '2022-10-17', 64, 'S-0075', 'S-4051', 'T-5014'),
('E-3015', '2022-10-17', 63, 'S-0085', 'S-4051', 'T-5014'),
('E-3015', '2022-10-17', 83, 'S-0095', 'S-4051', 'T-5014'),
('E-3016', '2022-10-19', 67, 'S-0005', 'S-4052', 'T-5011'),
('E-3016', '2022-10-19', 76, 'S-0015', 'S-4052', 'T-5011'),
('E-3016', '2022-10-19', 76, 'S-0025', 'S-4052', 'T-5011'),
('E-3016', '2022-10-19', 69, 'S-0035', 'S-4052', 'T-5011'),
('E-3016', '2022-10-19', 80, 'S-0045', 'S-4052', 'T-5011'),
('E-3016', '2022-10-19', 67, 'S-0055', 'S-4052', 'T-5011'),
('E-3016', '2022-10-19', 62, 'S-0065', 'S-4052', 'T-5011'),
('E-3016', '2022-10-19', 64, 'S-0075', 'S-4052', 'T-5011'),
('E-3016', '2022-10-19', 63, 'S-0085', 'S-4052', 'T-5011'),
('E-3016', '2022-10-19', 83, 'S-0095', 'S-4052', 'T-5011'),
('E-3017', '2022-10-21', 59, 'S-0005', 'S-4053', 'T-5016'),
('E-3017', '2022-10-21', 76, 'S-0015', 'S-4053', 'T-5016'),
('E-3017', '2022-10-21', 76, 'S-0025', 'S-4053', 'T-5016'),
('E-3017', '2022-10-21', 69, 'S-0035', 'S-4053', 'T-5016'),
('E-3017', '2022-10-21', 80, 'S-0045', 'S-4053', 'T-5016'),
('E-3017', '2022-10-21', 67, 'S-0055', 'S-4053', 'T-5016'),
('E-3017', '2022-10-21', 62, 'S-0065', 'S-4053', 'T-5016'),
('E-3017', '2022-10-21', 64, 'S-0075', 'S-4053', 'T-5016'),
('E-3017', '2022-10-21', 63, 'S-0085', 'S-4053', 'T-5016'),
('E-3017', '2022-10-21', 83, 'S-0095', 'S-4053', 'T-5016'),
('E-3018', '2022-10-25', 59, 'S-0005', 'S-4054', 'T-5016'),
('E-3018', '2022-10-25', 89, 'S-0015', 'S-4054', 'T-5016'),
('E-3018', '2022-10-25', 76, 'S-0025', 'S-4054', 'T-5016'),
('E-3018', '2022-10-25', 69, 'S-0035', 'S-4054', 'T-5016'),
('E-3018', '2022-10-25', 80, 'S-0045', 'S-4054', 'T-5016'),
('E-3018', '2022-10-25', 67, 'S-0055', 'S-4054', 'T-5016'),
('E-3018', '2022-10-25', 62, 'S-0065', 'S-4054', 'T-5016'),
('E-3018', '2022-10-25', 64, 'S-0075', 'S-4054', 'T-5016'),
('E-3018', '2022-10-25', 76, 'S-0085', 'S-4054', 'T-5016'),
('E-3018', '2022-10-25', 64, 'S-0095', 'S-4054', 'T-5016'),
('E-3019', '2022-10-27', 78, 'S-0005', 'S-4055', 'T-5010'),
('E-3019', '2022-10-27', 59, 'S-0015', 'S-4055', 'T-5010'),
('E-3019', '2022-10-27', 76, 'S-0025', 'S-4055', 'T-5010'),
('E-3019', '2022-10-27', 69, 'S-0035', 'S-4055', 'T-5010'),
('E-3019', '2022-10-27', 66, 'S-0045', 'S-4055', 'T-5010'),
('E-3019', '2022-10-27', 76, 'S-0055', 'S-4055', 'T-5010'),
('E-3019', '2022-10-27', 62, 'S-0065', 'S-4055', 'T-5010'),
('E-3019', '2022-10-27', 64, 'S-0075', 'S-4055', 'T-5010'),
('E-3019', '2022-10-27', 76, 'S-0085', 'S-4055', 'T-5010'),
('E-3019', '2022-10-27', 82, 'S-0095', 'S-4055', 'T-5010');

-- --------------------------------------------------------

--
-- Table structure for table `hires_teacher`
--

CREATE TABLE `hires_teacher` (
  `T_ID` varchar(6) NOT NULL,
  `HIREDATE` date NOT NULL
) ENGINE=InnoDB DEFAULT CHARSET=utf8mb4 COLLATE=utf8mb4_general_ci;

--
-- Dumping data for table `hires_teacher`
--

INSERT INTO `hires_teacher` (`T_ID`, `HIREDATE`) VALUES
('T-5001', '2016-04-11'),
('T-5002', '2019-11-08'),
('T-5003', '2015-04-18'),
('T-5004', '2018-03-12'),
('T-5005', '2016-07-11'),
('T-5006', '2020-08-11'),
('T-5007', '2017-08-28'),
('T-5008', '2018-02-28'),
('T-5009', '2018-05-14'),
('T-5010', '2018-05-02'),
('T-5011', '2019-05-08'),
('T-5012', '2016-02-17'),
('T-5013', '2015-02-14'),
('T-5014', '2016-03-21'),
('T-5015', '2015-12-19'),
('T-5016', '2017-10-27'),
('T-5017', '2015-02-17'),
('T-5018', '2016-02-14'),
('T-5019', '2021-01-17'),
('T-5020', '2017-02-17'),
('T-5021', '2016-02-21'),
('T-5022', '2016-09-17'),
('T-5023', '2020-02-23'),
('T-5024', '2018-02-17'),
('T-5025', '2017-02-26');

-- --------------------------------------------------------

--
-- Table structure for table `student`
--

CREATE TABLE `student` (
  `S_ID` varchar(6) NOT NULL,
  `S_FNAME` varchar(50) NOT NULL,
  `S_LNAME` varchar(50) NOT NULL,
  `FATHER_NAME` varchar(50) NOT NULL,
  `DOB` date NOT NULL,
  `GENDER` varchar(6) NOT NULL,
  `S_PHONENO` varchar(20) DEFAULT NULL,
  `ROLL_NO` int(4) DEFAULT NULL,
  `ADDRESS` varchar(50) DEFAULT NULL,
  `T_ID` varchar(6) DEFAULT NULL
) ENGINE=InnoDB DEFAULT CHARSET=utf8mb4 COLLATE=utf8mb4_general_ci;

--
-- Dumping data for table `student`
--

INSERT INTO `student` (`S_ID`, `S_FNAME`, `S_LNAME`, `FATHER_NAME`, `DOB`, `GENDER`, `S_PHONENO`, `ROLL_NO`, `ADDRESS`, `T_ID`) VALUES
('S-0001', 'Ahmed', 'Danish', 'Danish', '2023-10-07', 'male', '315-664-792', 1, 'Street ABC', 'T-5010'),
('S-0002', 'Lacie', 'Maidens', 'Kacie', '2022-12-21', 'Female', '977-115-3712', 1, '90563 Hooker Way', 'T-5013'),
('S-0003', 'Don', 'Ramalho', 'Ethelred', '2022-09-28', 'Male', '372-283-7937', 1, '0038 Memorial Avenue', 'T-5014'),
('S-0004', 'Ludovika', 'Pressey', 'Delly', '2023-03-12', 'Female', '786-730-8422', 1, '29887 Basil Pass', 'T-5014'),
('S-0005', 'Nesta', 'Jori', 'Savina', '2023-02-28', 'Female', '336-617-9971', 1, '8 Esker Drive', 'T-5006'),
('S-0006', 'Caren', 'Donizeau', 'Danyette', '2023-04-29', 'Female', '678-167-3655', 1, '10628 Rigney Park', 'T-5008'),
('S-0007', 'Tally', 'Volkers', 'Emanuel', '2023-01-13', 'Male', '585-934-1382', 1, '37 Basil Court', 'T-5025'),
('S-0008', 'Natalya', 'Brodley', 'Tanitansy', '2022-12-14', 'Female', '135-483-3374', 1, '3275 Del Sol Pass', 'T-5008'),
('S-0009', 'Min', 'Cubbino', 'Em', '2023-05-18', 'Female', '131-179-8969', 1, '42 Onsgard Way', 'T-5001'),
('S-0010', 'Duff', 'Yackiminie', 'Mischa', '2023-04-21', 'Male', '759-125-2121', 1, '2 Loeprich Way', 'T-5002'),
('S-0011', 'Elias', 'Beardon', 'Sylas', '2022-12-17', 'Male', '238-182-8082', 2, '9 Maple Wood Park', 'T-5008'),
('S-0012', 'Christophe', 'Tweddle', 'Jermayne', '2023-04-10', 'Male', '517-850-4411', 2, '66 Gateway Avenue', 'T-5017'),
('S-0013', 'Dorey', 'Chatburn', 'Ethyl', '2022-07-14', 'Female', '802-333-8387', 2, '786 Macpherson Alley', 'T-5022'),
('S-0014', 'Isadora', 'Beech', 'Maren', '2023-01-01', 'Female', '745-724-7408', 2, '7 Merrick Drive', 'T-5003'),
('S-0015', 'Nancey', 'Pawlett', 'Margaretta', '2022-12-19', 'Female', '421-501-9034', 2, '8 Hayes Circle', 'T-5002'),
('S-0016', 'Mort', 'Macey', 'Jerad', '2023-05-20', 'Male', '498-674-0240', 2, '32103 Merrick Place', 'T-5023'),
('S-0017', 'Miltie', 'Iacivelli', 'Chilton', '2023-02-03', 'Male', '498-674-1240', 2, '82 Warrior Alley', 'T-5014'),
('S-0018', 'Beale', 'Adrien', 'Nataniel', '2023-04-16', 'Male', '569-633-2450', 2, '8 Warrior Alley', 'T-5025'),
('S-0019', 'Field', 'Morewood', 'Sherwin', '2023-04-06', 'Male', '932-425-3733', 2, '3189 Kim Avenue', 'T-5003'),
('S-0020', 'Magnum', 'McCoy', 'Northrup', '2022-10-05', 'Male', '413-800-8091', 2, '3209 Cambridge Parkway', 'T-5021'),
('S-0021', 'Kelby', 'McCard', 'Nikola', '2023-07-04', 'Male', '469-141-9116', 3, '18 Walton Drive', 'T-5004'),
('S-0022', 'Abie', 'Winley', 'Olav', '2023-04-03', 'Male', '413-178-5629', 3, '58 Carioca Junction', 'T-5002'),
('S-0023', 'Alain', 'McMenemy', 'Abram', '2023-05-05', 'Male', '786-121-2987', 3, '38 Erie Park', 'T-5003'),
('S-0024', 'Pinchas', 'Kennerley', 'Christian', '2023-05-29', 'Male', '325-605-4150', 3, '5720 Farragut Plaza', 'T-5013'),
('S-0025', 'Jaquenetta', 'Van der Velden', 'Merrile', '2023-05-16', 'Female', '682-518-9483', 3, '90 Swallow Lane', 'T-5023'),
('S-0026', 'Dalenna', 'Manuely', 'Alessandra', '2022-07-18', 'Female', '421-952-8832', 3, '7 Hanson Street', 'T-5025'),
('S-0027', 'Umberto', 'Osan', 'Chicky', '2023-01-10', 'Male', '986-342-8201', 3, '8062 Namekagon Place', 'T-5017'),
('S-0028', 'Agace', 'Cumberledge', 'Lorrin', '2022-09-20', 'Female', '263-315-1705', 3, '761 Mesta Terrace', 'T-5024'),
('S-0029', 'Ignaz', 'Cheavin', 'Abbott', '2023-03-05', 'Male', '450-306-4897', 3, '2719 Thompson Drive', 'T-5006'),
('S-0030', 'Trixi', 'Pidgley', 'Karlotta', '2023-04-27', 'Female', '417-955-9795', 3, '64 Truax Crossing', 'T-5023'),
('S-0031', 'Jules', 'Daskiewicz', 'Aldon', '2022-09-28', 'Male', '328-952-7249', 4, '3349 Helena Drive', 'T-5006'),
('S-0032', 'Murry', 'Troker', 'Rees', '2022-08-13', 'Male', '561-109-3818', 4, '9 Graedel Parkway', 'T-5022'),
('S-0033', 'Wolfgang', 'Drohane', 'Burty', '2023-01-17', 'Male', '840-660-8396', 4, '44456 Blackbird Street', 'T-5009'),
('S-0034', 'Hadrian', 'Galliard', 'Karney', '2023-05-02', 'Male', '292-542-8798', 4, '4121 Havey Alley', 'T-5009'),
('S-0035', 'Jayne', 'Scoles', 'Jorey', '2023-02-09', 'Female', '814-560-9221', 4, '3 Harper Park', 'T-5021'),
('S-0036', 'Aristotle', 'Varlow', 'Osbert', '2022-07-13', 'Male', '875-281-8703', 4, '9726 Merry Alley', 'T-5020'),
('S-0037', 'Cecil', 'Karpman', 'Cora', '2023-03-02', 'Female', '895-869-7284', 4, '85357 Hudson Court', 'T-5010'),
('S-0038', 'Corrie', 'Whitford', 'Leisha', '2022-12-23', 'Female', '120-251-5188', 4, '1127 Dorton Trail', 'T-5025'),
('S-0039', 'Haskel', 'Bywater', 'Cyrillus', '2023-06-09', 'Male', '272-881-0748', 4, '54460 Northport Place', 'T-5019'),
('S-0040', 'Allister', 'Darell', 'Eustace', '2023-04-20', 'Male', '715-747-5899', 4, '19 Nova Street', 'T-5011'),
('S-0041', 'Jackquelin', 'Jikylls', 'Malynda', '2023-01-24', 'Female', '915-597-3749', 5, '4 Southridge Avenue', 'T-5018'),
('S-0042', 'Maison', 'Izzett', 'Dominik', '2022-07-17', 'Male', '951-797-8648', 5, '156 Harper Road', 'T-5017'),
('S-0043', 'Anton', 'Offill', 'Reid', '2022-07-14', 'Male', '996-241-0487', 5, '0852 Mesta Point', 'T-5016'),
('S-0044', 'Charlotta', 'Cowope', 'Bellina', '2023-01-06', 'Female', '239-542-7786', 5, '9 Mifflin Trail', 'T-5001'),
('S-0045', 'Diego', 'Herries', 'Dalli', '2022-10-18', 'Male', '640-251-8390', 5, '00949 Farragut Place', 'T-5017'),
('S-0046', 'Francine', 'Cooke', 'Margarette', '2023-02-11', 'Female', '218-901-8342', 5, '8 Hoard Hill', 'T-5007'),
('S-0047', 'Hershel', 'Pengilly', 'Tad', '2022-07-27', 'Male', '412-718-3583', 5, '8 Schurz Point', 'T-5002'),
('S-0048', 'Adaline', 'Slewcock', 'Lorilyn', '2023-06-09', 'Female', '379-631-5907', 5, '1833 Ridge Oak Place', 'T-5014'),
('S-0049', 'Faustine', 'MacAndreis', 'Vickie', '2023-03-24', 'Female', '779-100-6440', 5, '024 Fremont Parkway', 'T-5013'),
('S-0050', 'Merla', 'Capponer', 'Elianora', '2023-05-22', 'Female', '623-738-9899', 5, '702 Ridgeview Terrace', 'T-5003'),
('S-0051', 'Noby', 'Qualtro', 'Roy', '2023-02-24', 'Male', '578-332-4557', 6, '6073 Delaware Park', 'T-5016'),
('S-0052', 'Syd', 'Ishaki', 'Durward', '2022-11-01', 'Male', '682-281-6944', 6, '19 Lillian Parkway', 'T-5015'),
('S-0053', 'Ginnifer', 'Pascall', 'Bette-ann', '2022-08-05', 'Female', '874-221-2304', 6, '64 Esch Terrace', 'T-5003'),
('S-0054', 'Rivalee', 'McCorkell', 'Elora', '2022-10-30', 'Female', '691-482-7694', 6, '4 Delladonna Avenue', 'T-5004'),
('S-0055', 'Annissa', 'Brobak', 'Jeri', '2022-11-08', 'Female', '510-296-8488', 6, '9389 Grover Trail', 'T-5014'),
('S-0056', 'Elka', 'Thackham', 'Sarita', '2022-07-17', 'Female', '461-828-5472', 6, '78514 Lighthouse Bay Hill', 'T-5005'),
('S-0057', 'Orin', 'Rust', 'Ansel', '2023-04-04', 'Male', '472-580-2588', 6, '6800 Carey Crossing', 'T-5007'),
('S-0058', 'Patience', 'Huchot', 'Evy', '2022-09-03', 'Female', '851-845-4114', 6, '21 Clemons Park', 'T-5006'),
('S-0059', 'Dario', 'Hindsberg', 'Asher', '2023-01-27', 'Male', '257-334-0020', 6, '0 Dottie Avenue', 'T-5010'),
('S-0060', 'Ronna', 'Profit', 'Nissa', '2023-03-23', 'Female', '627-554-3552', 6, '38066 Cottonwood Court', 'T-5019'),
('S-0061', 'Zora', 'O\'Halloran', 'Gillie', '2022-10-23', 'Female', '895-145-6243', 7, '92755 Warner Avenue', 'T-5008'),
('S-0062', 'Thorn', 'Siemantel', 'Egor', '2022-09-12', 'Male', '511-303-9910', 7, '09 Meadow Valley Way', 'T-5010'),
('S-0063', 'Ingaberg', 'Ripping', 'Layne', '2023-02-15', 'Female', '518-853-6570', 7, '8 Kings Avenue', 'T-5018'),
('S-0064', 'Becca', 'Paradyce', 'Blinny', '2022-11-10', 'Female', '923-437-4565', 7, '91882 Bluejay Junction', 'T-5009'),
('S-0065', 'Wendeline', 'Stive', 'Candi', '2022-12-26', 'Female', '720-754-7178', 7, '532 Schurz Lane', 'T-5011'),
('S-0066', 'Sargent', 'Le Clercq', 'Roberto', '2022-11-04', 'Male', '225-687-6973', 7, '20785 Hayes Street', 'T-5018'),
('S-0067', 'Monah', 'Pacheco', 'Elbertine', '2023-02-11', 'Female', '374-292-1347', 7, '', 'T-5011'),
('S-0068', 'Patton', 'Repper', 'Mitch', '2022-09-21', 'Male', '772-366-0943', 7, '1492 Ryan Road', 'T-5004'),
('S-0069', 'Georgena', 'Leaning', 'Leigha', '2023-03-20', 'Female', '419-732-2717', 7, '7716 Dahle Center', 'T-5016'),
('S-0070', 'Clare', 'Trinke', 'Philbert', '2022-08-13', 'Male', '574-818-8070', 7, '5 Anthes Center', 'T-5012'),
('S-0071', 'Sullivan', 'Nazer', 'Northrop', '2023-02-14', 'Male', '199-166-9577', 8, '7 5th Lane', 'T-5013'),
('S-0072', 'Caldwell', 'Simms', 'Garner', '2022-10-17', 'Male', '752-105-9488', 8, '42794 Transport Court', 'T-5005'),
('S-0073', 'Maurice', 'Izakson', 'Tom', '2022-11-14', 'Male', '454-353-0732', 8, '22 Rowland Circle', 'T-5014'),
('S-0074', 'Caldwell', 'Potier', 'Trevar', '2023-02-09', 'Male', '334-939-3828', 8, '53225 Merchant Terrace', 'T-5008'),
('S-0075', 'Anabelle', 'Borge', 'Rivalee', '2023-03-30', 'Female', '975-926-0042', 8, '0 Bellgrove Hill', 'T-5025'),
('S-0076', 'Ashby', 'Baal', 'Barty', '2022-07-22', 'Male', '906-200-0660', 8, '85528 Schlimgen Drive', 'T-5025'),
('S-0077', 'Noel', 'Kendall', 'Charlot', '2022-12-03', 'Female', '363-122-3171', 8, '43 Basil Road', 'T-5024'),
('S-0078', 'Renaud', 'Butte', 'Ricki', '2022-07-25', 'Male', '463-175-1824', 8, '720 Briar Crest Road', 'T-5025'),
('S-0079', 'Sophey', 'O\'Hara', 'Moll', '2023-05-29', 'Female', '192-730-9849', 8, '97689 Red Cloud Place', 'T-5025'),
('S-0080', 'Marie', 'Tynan', 'Riki', '2023-05-24', 'Female', '907-143-5822', 8, '9719 Vahlen Court', 'T-5011'),
('S-0081', 'Garrot', 'Savil', 'Mathew', '2022-10-05', 'Male', '800-568-9679', 9, '95729 David Park', 'T-5005'),
('S-0082', 'Rene', 'Blanden', 'Germaine', '2023-01-02', 'Female', '284-500-9373', 9, '77 Darwin Trail', 'T-5025'),
('S-0083', 'Faydra', 'Lapslie', 'Lisa', '2023-01-27', 'Female', '290-839-5779', 9, '3 Park Meadow Park', 'T-5023'),
('S-0084', 'Reinaldos', 'Thurske', 'Giusto', '2022-12-16', 'Male', '783-744-6361', 9, '470 Packers Circle', 'T-5012'),
('S-0085', 'Sean', 'Veschambes', 'Clea', '2023-04-10', 'Female', '548-727-0436', 9, '3178 Gina Plaza', 'T-5024'),
('S-0086', 'Dwain', 'Babin', 'Claybourne', '2022-12-07', 'Male', '975-783-2590', 9, '0 Havey Street', 'T-5008'),
('S-0087', 'Philipa', 'Griswood', 'Hillary', '2022-11-24', 'Female', '673-348-7247', 9, '26 Hanover Park', 'T-5022'),
('S-0088', 'Kit', 'Leindecker', 'Winny', '2023-02-15', 'Male', '399-686-3651', 9, '6651 4th Court', 'T-5007'),
('S-0089', 'Dorie', 'Sondland', 'Sergei', '2023-06-30', 'Male', '850-955-5292', 9, '6235 Leroy Terrace', 'T-5016'),
('S-0090', 'Steffen', 'Haddy', 'Malcolm', '2022-12-08', 'Male', '337-987-1273', 9, '0 Pankratz Road', 'T-5007'),
('S-0091', 'Tallie', 'Breckin', 'Rockwell', '2023-02-24', 'Male', '429-677-9071', 10, '0851 Sunbrook Plaza', 'T-5004'),
('S-0092', 'Yuma', 'Heffron', 'Cosimo', '2023-01-03', 'Male', '196-212-5474', 10, '72082 Summer Ridge Pass', 'T-5001'),
('S-0093', 'Natividad', 'Gould', 'Chrystal', '2022-10-07', 'Female', '630-622-1315', 10, '76665 Schlimgen Hill', 'T-5015'),
('S-0094', 'Nial', 'Pashba', 'Benedicto', '2022-11-04', 'Male', '243-726-1655', 10, '320 Nobel Avenue', 'T-5023'),
('S-0095', 'Elly', 'Gaskall', 'Phelia', '2023-05-20', 'Female', '131-182-6054', 10, '10 North Lane', 'T-5020'),
('S-0096', 'Lucas', 'Barense', 'Giffie', '2023-06-17', 'Male', '713-397-1305', 10, '65817 Hagan Center', 'T-5018'),
('S-0097', 'Maxy', 'Shutler', 'Marsh', '2023-05-08', 'Male', '963-701-2111', 10, '', 'T-5005'),
('S-0098', 'Ange', 'Kohnemann', 'Aubert', '2023-03-31', 'Male', '817-129-7468', 10, '9707 Mcbride Park', 'T-5015'),
('S-0099', 'Irene', 'Tregaskis', 'Mollee', '2023-03-19', 'Female', '747-279-6438', 10, '1089 Gina Parkway', 'T-5012'),
('S-0100', 'Florenza', 'Tixier', 'Suzi', '2022-09-03', 'Female', '728-424-4713', 10, '107 Old Shore Point', 'T-5014');

-- --------------------------------------------------------

--
-- Table structure for table `subject`
--

CREATE TABLE `subject` (
  `SUB_ID` varchar(6) NOT NULL,
  `SUB_NAME` varchar(50) NOT NULL,
  `T_ID` varchar(6) DEFAULT NULL
) ENGINE=InnoDB DEFAULT CHARSET=utf8mb4 COLLATE=utf8mb4_general_ci;

--
-- Dumping data for table `subject`
--

INSERT INTO `subject` (`SUB_ID`, `SUB_NAME`, `T_ID`) VALUES
('S-4011', 'Urdu', 'T-5003'),
('S-4012', 'English', 'T-5020'),
('S-4013', 'Maths', 'T-5015'),
('S-4021', 'Urdu', 'T-5006'),
('S-4022', 'English', 'T-5004'),
('S-4023', 'Maths', 'T-5025'),
('S-4031', 'Urdu', 'T-5007'),
('S-4032', 'English', 'T-5002'),
('S-4033', 'Maths', 'T-5006'),
('S-4041', 'Urdu', 'T-5001'),
('S-4042', 'English', 'T-5017'),
('S-4043', 'Maths', 'T-5023'),
('S-4044', 'Islamiat', 'T-5012'),
('S-4045', 'Science', 'T-5005'),
('S-4051', 'Urdu', 'T-5014'),
('S-4052', 'English', 'T-5011'),
('S-4053', 'Maths', 'T-5016'),
('S-4054', 'Islamiat', 'T-5016'),
('S-4055', 'Science', 'T-5010'),
('S-4061', 'Urdu', 'T-5006'),
('S-4062', 'English', 'T-5006'),
('S-4063', 'Maths', 'T-5017'),
('S-4064', 'Islamiat', 'T-5016'),
('S-4065', 'Science', 'T-5010'),
('S-4066', 'Computer', 'T-5002'),
('S-4067', 'Social Studies', 'T-5017'),
('S-4071', 'Urdu', 'T-5010'),
('S-4072', 'English', 'T-5015'),
('S-4073', 'Maths', 'T-5005'),
('S-4074', 'Islamiat', 'T-5020'),
('S-4075', 'Science', 'T-5024'),
('S-4076', 'Computer', 'T-5019'),
('S-4077', 'Social Studies', 'T-5005'),
('S-4081', 'Urdu', 'T-5001'),
('S-4082', 'English', 'T-5024'),
('S-4083', 'Maths', 'T-5019'),
('S-4084', 'Islamiat', 'T-5015'),
('S-4085', 'Science', 'T-5009'),
('S-4086', 'Computer', 'T-5004'),
('S-4087', 'Social Studies', 'T-5018'),
('S-4091', 'Urdu', 'T-5009'),
('S-4092', 'English', 'T-5013'),
('S-4093', 'Maths', 'T-5012'),
('S-4094', 'Biology', 'T-5012'),
('S-4095', 'Chemistry', 'T-5016'),
('S-4096', 'Physics', 'T-5006'),
('S-4101', 'Urdu', 'T-5008'),
('S-4102', 'English', 'T-5020'),
('S-4103', 'Maths', 'T-5010'),
('S-4104', 'Biology', 'T-5003'),
('S-4105', 'Chemistry', 'T-5008'),
('S-4106', 'Physics', 'T-5024');

-- --------------------------------------------------------

--
-- Table structure for table `teacher`
--

CREATE TABLE `teacher` (
  `T_ID` varchar(6) NOT NULL,
  `T_FNAME` varchar(50) NOT NULL,
  `T_LNAME` varchar(50) NOT NULL,
  `QUALIFICATION` varchar(50) NOT NULL,
  `SALARY` int(6) DEFAULT NULL,
  `PHONE_NO` int(11) DEFAULT NULL
) ENGINE=InnoDB DEFAULT CHARSET=utf8mb4 COLLATE=utf8mb4_general_ci;

--
-- Dumping data for table `teacher`
--

INSERT INTO `teacher` (`T_ID`, `T_FNAME`, `T_LNAME`, `QUALIFICATION`, `SALARY`, `PHONE_NO`) VALUES
('T-5001', 'Muhammad', 'Anas', 'Master in Maths', 30000, 312342464),
('T-5002', 'Iqbal', 'Tariq', 'Master in Physics', 32000, 338654428),
('T-5003', 'Zainab', 'Umer', 'Master in Chemistry', 31500, 348600428),
('T-5004', 'Ayesha', 'Aziz', 'Master in Computer Science', 35000, 338600000),
('T-5005', 'Musab', 'Khan', 'Master in Computer Science', 38000, 308697402),
('T-5006', 'Muhammad', 'Bilal', 'Bachelor in English', 21500, 318650128),
('T-5007', 'Iqbal', 'Khan', 'Bachelor in Urdu', 35000, 333654428),
('T-5008', 'Aiman', 'Naveed', 'Bachelor in Applied Chemistry', 28000, 301365428),
('T-5009', 'Anshara', 'Ayaz', 'Bachelor in Physics', 29500, 325764637),
('T-5010', 'Asad', 'Siddiqui', 'Bachelor in Arabic', 29500, 356587587),
('T-5011', 'Saif', 'Usman', 'Master in Chemistry', 38000, 301365411),
('T-5012', 'Sadia', 'Noor', 'Bachelor in Food Science', 31000, 308600780),
('T-5013', 'Zehra', 'Neshat', 'Bachelor in Bioinformatics', 32000, 333604428),
('T-5014', 'Mushaf', 'Khan', 'Bachelor in English', 38000, 318600765),
('T-5015', 'Fakhir', 'Hussain', 'Master in Islamic Studies', 40000, 308110428),
('T-5016', 'Mahnoor', 'Waris', 'Bachelor in Urdu', 24500, 328611428),
('T-5017', 'Amna', 'Umair', 'Master in Urdu', 29900, 312947932),
('T-5018', 'Tayyaba', 'Khan', 'Master in Math', 32000, 328793422),
('T-5019', 'Sufia', 'Saqib', 'Master in Physics', 41000, 311879463),
('T-5020', 'Hamza', 'Ali', 'Bachelor in Zoology', 31000, 348768686),
('T-5021', 'Habib', 'Rehman', 'Master in Zoology', 34000, 338689764),
('T-5022', 'Muhammad', 'Usama', 'Bachelor in Social Science', 39500, 317483647),
('T-5023', 'Samia', 'Gull', 'Bachelor in Botany', 32000, 305468415),
('T-5024', 'Tuba', 'Shafi', 'Bachelor in Computer Science', 35000, 308678543),
('T-5025', 'Hina', 'Ali', 'Bachelor in Islamic Studies', 38000, 321868960);

-- --------------------------------------------------------

--
-- Table structure for table `teaches_subject`
--

CREATE TABLE `teaches_subject` (
  `SUB_ID` varchar(6) NOT NULL,
  `T_ID` varchar(6) NOT NULL,
  `TAUGHT_IN_YEAR` varchar(9) NOT NULL
) ENGINE=InnoDB DEFAULT CHARSET=utf8mb4 COLLATE=utf8mb4_general_ci;

--
-- Dumping data for table `teaches_subject`
--

INSERT INTO `teaches_subject` (`SUB_ID`, `T_ID`, `TAUGHT_IN_YEAR`) VALUES
('S-4022', 'T-5006', '2021-2022'),
('S-4054', 'T-5015', '2015-2017'),
('S-4065', 'T-5020', '2020-2021'),
('S-4066', 'T-5007', '2019-2020'),
('S-4092', 'T-5014', '2017-2018');

-- --------------------------------------------------------

--
-- Table structure for table `users`
--

CREATE TABLE `users` (
  `id` varchar(6) NOT NULL,
  `full_name` varchar(255) NOT NULL,
  `email` varchar(255) NOT NULL,
  `password` varchar(1000) NOT NULL
) ENGINE=InnoDB DEFAULT CHARSET=utf8mb4 COLLATE=utf8mb4_general_ci;

--
-- Dumping data for table `users`
--

INSERT INTO `users` (`id`, `full_name`, `email`, `password`) VALUES
('S-0022', 'Abie Winley', 'abie@gmail.com', '$2y$10$ncrnNIkietrG5SZO7fm3auvnh1Ux4BMa3PCXnLzjfOrso1CZ5LUzq'),
('S-0048', 'Adaline Slewcock', 'adaline@gmail.com', '$2y$10$Vlj8HgWdEquTfY36JQ9wP.SXGC2fQ2jULOYfWheO2CUbl9qGTcs6G'),
('S-0028', 'Agace Cumberledge', 'agace@gmail.com', '$2y$10$DTjHkvOaiPLaA3EiRmaQ1u7dkooIFK0fEymRbzuXJs.cBIHfi5QXm'),
('S-0001', 'Ahmed Danish', 'ahmed@gmail.com', '$2y$10$sjbTQRuJglsVht9NKGc0X.baWoWvsqwlPpLmPkPt/ESUD8gVO6zXu'),
('T-5008', 'Aiman Naveed', 'aimannaveed@gmail.com', '$2y$10$y30z/JL0rEv.DPeOrTNnG.yn7bv7vzuxCBXuC2nBwrQqwEhrS9UVe'),
('S-0023', 'Alain McMenemy', 'alain@gmail.com', '$2y$10$p6szb7TJhxu9lCZZeghYSe1xxPB0PXdrOp/qmFheI/CW5KAmfQR3O'),
('S-0040', 'Allister Darell', 'allister@gmail.com', '$2y$10$OLSRIfkbqHEgXizYkVr86O5C3jphodF3c7YrchgjKsypI8OphSfOq'),
('T-5017', 'Amna Umair', 'amnaumair@gmail.com', '$2y$10$v9nnydgOifydTTcSgX597u.kga3RbhT5Dlh/xWXZmnB4NuisP3BOO'),
('S-0075', 'Anabelle Borge', 'anabelle@gmail.com', '$2y$10$azumzXT4LxJ.ys9N3dALFOlwWxWV2sSyASRFeeH36B3Hk5ZXoSMLi'),
('S-0098', 'Ange Kohnemann', 'ange@gmail.com', '$2y$10$WvFwpgqZeY57IhjtjakC2.a2UHrKlLXQAUisuozi9xrmZYWBLOQEO'),
('S-0055', 'Annissa Brobak', 'annissa@gmail.com', '$2y$10$6L4fySVC59.L7iGfq56Ofu2HASrPAZwAyAeqMkQjZgr34RdjagqW2'),
('T-5009', 'Anshara Ayaz', 'ansharaayaz@gmail.com', '$2y$10$fL4dy1E55nk6gmIPCFVol.dfb0TR1cFCzg1tZqsPDSjPsuK.5w4Ki'),
('S-0043', 'Anton Offill', 'anton@gmail.com', '$2y$10$/IF8yCkxV9.MwgjFYoenwOxt5hRnOXOnmSgnHDYBsB61jOsDp1XOe'),
('S-4011', 'any T-5016', 'any@gmail.com', '$2y$10$THBp73i3AEgjvi89RHGaqeh.nb1zl0uZgdtIw8srvBZovp7qh49D2'),
('S-0036', 'Aristotle Varlow', 'aristotle@gmail.com', '$2y$10$V2N8wJQb5z0PVJxrePKCauctbZEVw9MmHSV0GAlk3OFBnPyooNv/e'),
('T-5010', 'Asad Siddiqui', 'asadsiddiqui@gmail.com', '$2y$10$9bL2fWsg9dyuXr9wttOjKuihS0qJaOrTFuF0aTv4HQ/pwFK8lNjAy'),
('S-0076', 'Ashby Baal', 'ashby@gmail.com', '$2y$10$Jyg87j6bEL5ctHXQbe822OArLxNthpqvJ4AIqx7Pd3U/4vC9k2LXy'),
('T-5004', 'Ayesha Aziz', 'ayeshaaziz@gmail.com', '$2y$10$wTGcTVstK6Ra3hO6traAMOCe1B8JQGCRdUSEx1A4oLHFNX132dJz6'),
('S-0018', 'Beale Adrien', 'beale@gmail.com', '$2y$10$CVTxHBLuYRSjuEzdTyISJOjxJQC4KhALZoOJE8b..v/mcqR5VUc4u'),
('S-0064', 'Becca Paradyce', 'becca@gmail.com', '$2y$10$frkxtdj08SKpQIvvxAAsNuEZRIEPCwKYIRjCgfkdwYXC9xBKgweX2'),
('S-0072', 'Caldwell Simms', 'caldwell@gmail.com', '$2y$10$1ehkAEQJ2FuBy4nvMCmDMuVqWPk.pRhUVDVltAjiUxSuJkQWzMyOC'),
('S-0074', 'Caldwell Potier', 'caldwellpotier@gmail.com', '$2y$10$iE6qTRaaOT2cTWEDxpPCXe9h9mLdnlTZTGhRI18Oxkrs8zi0sJ6z.'),
('S-0006', 'Caren Donizeau', 'caren@gmail.com', '$2y$10$L2Qc6YobBdmEffWy40SFkOabKGel4fHTzMGZhb/DGTDBITu0N26O2'),
('S-0051', 'Caren Donizeau', 'carendonizeau@gmail.com', '$2y$10$JIwUJWIDZGuYtyj8h1FZ5OgTsHIHRN2M946zv5lqZ12vYZ3H4Q2li'),
('S-0037', 'Cecil Karpman', 'cecil@gmail.com', '$2y$10$ArnFRwNwouFRd6I5V5MCcuC2zllyIAJtyiNPKRLVbTKrsaootOoai'),
('S-0044', 'Charlotta Cowope', 'charlotta@gmail.com', '$2y$10$QEyLHfdLNMuSmKrVsB05qOfLVNn04cUelU6reE2f5RIA.bqJF7ali'),
('S-0012', 'Christophe Tweddle', 'christophe@gmail.com', '$2y$10$CkMuoQzV8e3qY8AQh.6c6O2LL4gYx.DWEY9C3M4bV8anibOzfXMKq'),
('S-0070', 'Clare Trinke', 'clare@gmail.com', '$2y$10$66Rz1qE1Iraqvx9u9nVwaOdzObki4Vf66D20h6dhy6q2theKdBCPG'),
('S-0038', 'Corrie Whitford', 'corrie@gmail.com', '$2y$10$c3avWdxEi6uk2Pu7hkjVJ.ytalu9531oaQ7s0vZcUsyUaqFo1EwnS'),
('S-0026', 'Dalenna Manuely', 'dalenna@gmail.com', '$2y$10$ljCMV4leArxY0gewwNPCMu8PtjMTSDcyBq3Bc0DhskxFhk.A2W8T.'),
('S-0059', 'Dario Hindsberg', 'dario@gmail.com', '$2y$10$RAx/tsbM3VDy2/VwoSy73OjimTzJptIDtpCyJwPCZsKAPdRyNkRLS'),
('S-0045', 'Diego Herries', 'diego@gmail.com ', '$2y$10$.blpHpNWA5JuwkrczIHGfenNm2DeFCO15STz1ToW07nGCGXO7oqr.'),
('S-0003', 'Don Ramalho', 'don@gmail.com', '$2y$10$d.WqliDK8MxNt0aaCGGRA.UHr.c56HCG5x/.k5uKDoLg3q7kyovha'),
('S-0013', 'Dorey Chatburn', 'dorey@gmail.com', '$2y$10$QbS.Wpc6qxQOXY8PawRPyOxwJpiF1RP.JlauEt4AzjUGq3T6EO0Fm'),
('S-0089', 'Dorie Sondland', 'dorie@gmail.com', '$2y$10$zzpppX1M2nIl0ls/Z3aoiuYYcjIdhBmfVYktfzwvI5r1TbA7J9ZIm'),
('S-0010', 'Duff Yackiminie', 'duff@gmail.com', '$2y$10$zbzyoYrgspxMbR3z0mZOLempT7T1KW3N0NM.nuhaFDAlESB4hdHf6'),
('S-0086', 'Dwain Babin', 'dwain@gmail.com', '$2y$10$e5rCGtcL3w2FjNOqCs5KpuW88kMpfaET6AdJ2QO738m2ilYTRUE5C'),
('S-0011', 'Elias Beardon', 'elias@gmail.com', '$2y$10$3.ZCOS7WBT4MNd3q2G2oxuMepVA/0/vxCyrZgUIV3t.zdtmAob9Wq'),
('S-0056', 'Elka Thackham', 'elka@gmail.com', '$2y$10$Oh750WsIZGOp9lVl/UVSMeH8oePvkssd/XjKtxs8dVrvqba4meDTC'),
('S-0095', 'Elly Gaskall', 'elly@gmail.com', '$2y$10$UTiJiUqpnERx0eGmshMWH.5WR8Z6gXEY1vb5oePwCE0qKihhKBBji'),
('T-5015', 'Fakhir Hussain', 'fakhirhussain@gmail.com', '$2y$10$lIFJqeztvMdhSCPxZ0wTI.09clTX10nspVEwXvA9kR.740nfYc6qm'),
('S-0049', 'Faustine MacAndreis', 'faustine@gmail.com', '$2y$10$daCxbICEEPd2nxOVfoREzOf3lpsnKZY9ulReeB7oNuhXlhhozc.1W'),
('S-0083', 'Faydra Lapslie', 'faydra@gmail.com', '$2y$10$uCHmyUnPWfqvsC2rElfRRuOqFPdhrTOGsv5jv6rHSYpm3hwj.B3.q'),
('S-0019', 'Field Morewood', 'field@gmail.com', '$2y$10$BjwxHOfkDQaY8i5r5BalDekpuLFtCmF1.32P4NnxBKLy4rY57Lrm2'),
('S-0100', 'Florenza Tixier', 'florenza@gmail.com', '$2y$10$eTKqgnWm/rCxCsO26uZPoeC0B.zMP3EWYZ4/UHpnsT3HX8B4XH7tC'),
('S-0046', 'Francine Cooke', 'francine@gmail.com', '$2y$10$xDgT6L7c6nuWlhkyq63H7e.E104eT9dXUeQhwZ4RwezAXYP7pWYPG'),
('S-0081', 'Garrot Savil', 'garrot@gmail.com', '$2y$10$O/iGgjbvxxk6cse8TrU6peMX5rl0UCb.YtzFNd.b/1fAK/Fb2Be.i'),
('S-0069', 'Georgena Leaning', 'georgena@gmail.com', '$2y$10$4gTirH1oFiqQ4xsM/3adwuu6Px0KEN/U5O5A3c/uj/03SCOUMnqNW'),
('s-4444', 'gghhh T-5016', 'gghhh@gmail.com', '$2y$10$lha5fy8oTe3nrn793hR2m.5JQz2sUmHV2s675AXO/eR7BLB6SkzA.'),
('S-0053', 'Ginnifer Pascall', 'ginnifer@gmail.com', '$2y$10$FbOx2sPgWpv1rVNqwYzl6O7AKlHHZSY4VPnVMf2tTY1T80.6bjLUS'),
('s-0222', 'h j', 'h@gmail.com', '$2y$10$jWa0XEMY7anZkPvgOYOhauzVwjBk8CdRyp5XLS.pGDtIblzX59RJK'),
('T-5021', 'Habib Rehman', 'habibrehman@gmail.com', '$2y$10$JkdqdNcKIfRqRfLP/7rCCOa8XTYStUZgk0CApX.8rna6e/IAtze/.'),
('S-0034', 'Hadrian Galliard', 'hadrian@gmail.com', '$2y$10$/qu.DiwXVC1yvW9eBsg2CefhxaRdsWzer.93rJBLHYluTrlN0vpIy'),
('T-5020', 'Hamza Ali', 'hamzaali@gmail.com', '$2y$10$493K8R.bCBBeAxn77UDI2ewybY2RD5QNkrP1O67MK05.sEcMIRUEe'),
('S-0039', 'Haskel Bywater', 'haskel@gmail.com', '$2y$10$iMBE6oXIZptsMw/jX3SAje/FmVLlk7ACQTDpCD/PgUuek7Mbtj2RK'),
('S-0047', 'Hershel Pengilly', 'hershel@gmail.com', '$2y$10$7WeASn1whkovGYYlndzjJub37xGieNnQMIwqjwHhrRxBb7hDAU2wG'),
('T-5025', 'Hina Ali', 'hinaali@gmail.com', '$2y$10$GTfvION62D/V3wwXH/ni5O2FXIQZauZo93lvTLsonjoD1XyrwVlHW'),
('S-0062', 'horn Siemantel', 'horn@gmail.com', '$2y$10$1r7tSCfFtRAKx1vY7mDP..rxitrbQfmToVnHU0iSNwstSEJS80lhm'),
('S-0029', 'Ignaz Cheavin', 'ignaz@gmail.com', '$2y$10$y2KVU9DIsJ4vL7ovz6c7yOXjYKdGhG.UXFiigdFwi5QjJaZn4X.Ga'),
('S-0063', 'Ingaberg Ripping', 'ingaberg@gmail.com', '$2y$10$lWNSLwjZHj.FeBPMUBELAOqty06l0CYbiVe2olNV.Hnmd0z1tUQ0W'),
('T-5007', 'Iqbal Khan', 'iqbalkhan@gmail.com', '$2y$10$GbXWpgmj43eL6qcle7HG4uAl4OGZnsrdNlW8ZhmPd.b2pEna/B0GC'),
('T-5002', 'Iqbal Tariq', 'iqbaltariq@gmail.com', '$2y$10$rNOYkwpwgr46X9wKiim5NetqnaJn0zZYe7PMEAG.pq.doRT6JDqAq'),
('S-0099', 'Irene Tregaskis', 'irene@gmail.com', '$2y$10$cmelagyJxf.6MGTvQJdr2OhXdYJMWRAfQEosrET4v7yh0m8bD.Dly'),
('S-0014', 'Isadora Beech', 'isadora@gmail.com', '$2y$10$fIaZsG0BVlS3JAfHDgaJQuSg0MT2jpfR.KRdNAsi4eYNH98c5DwWG'),
('S-0041', 'Jackquelin Jikylls', 'jackquelin@gmail.com', '$2y$10$lAubC5ABYH0uxNSd8xkNE.QKHCZX2JovzaB2HycXSqk8F8zIOglI2'),
('S-0025', 'Jaquenetta Van der Velden', 'jaquenetta@gmail.com', '$2y$10$xtfE4aOZlBmltkhYxCDajOF1m/68li96snK32qivtrbXx64nTd5By'),
('S-0035', 'Jayne Scoles', 'jayne@gmail.com', '$2y$10$tlie5rzBtay/rMrcraBwuuEK1Da957YNdaXHfBni4IPAGhY1.iI2O'),
('S-0031', 'Jules Daskiewicz', 'jules@gmail.com', '$2y$10$R08qMH.GS2EHw6fWh8iLM.kAQ6cl.Yp9rk4U90QoP.b.w3N.hI/P6'),
('S-0021', 'Kelby McCard', 'kelby@gmail.com', '$2y$10$f//BJAvBjkcskMZDwgQ03OAe3pf1Y0.dyGzKPK3.x4l.E6y4sUvZe'),
('S-0088', 'Kit Leindecker', 'kit@gmail.com', '$2y$10$xtvYXKLfjJGe2/vBusCf6O2hAElRGkOWzUR4xtdeZuaQef4chmmw2'),
('S-0002', 'Lacie Maiden', 'lacie@gmail.com', '$2y$10$fQhkm0xQSOAsN6QRFIQAsOYepyk2gPK8BsoNkJ9Fc4ceDS5hrMm0y'),
('S-0096', 'Lucas Barense', 'lucas@gmail.com', '$2y$10$BKu.uJA4aEJX3ON/AaPxd.kgZL4G1qT0mPxF1ATcNukPYlKfdsoxS'),
('S-0004', 'Ludovika Pressey', 'ludovika@gmail.com', '$2y$10$Buv8pfvkZJmcg8fxfqzcD.SG2n1T1sGtBWYLQNmTfPPFyNBQjquYu'),
('S-0020', 'Magnum McCoy', 'magnum@gmail.com', '$2y$10$PLVmsfOvzU..1NeWSWjAPuP4Kv.gwp6W7tubMQ1HV3PH.FhYnhfaW'),
('901', 'Mahnoor Malik', 'mahnoormalik@gmail.com', '$2y$10$bBYqXA1S7NxzKY4WrDktXOfnShh7KBM9vd9qhaPt1.95ZDreNWV1i'),
('T-5016', 'Mahnoor Waris', 'mahnoorwaris@gmail.com', '$2y$10$PHftjUKNd7Wj0Yi63nznK.Bd8HAFa38vsZ/mOfWtqGlUdY1Tl7J6i'),
('S-0042', 'Maison Izzett', 'maison@gmail.com', '$2y$10$/d4/1641b.P.1VCUC1EGbOn2MwwwpP68Pk7.HS5Eu81MV8geKjjOC'),
('S-0080', 'Marie ynan', 'marie@gmail.com', '$2y$10$qAkGL/d5Cqj5.4aYQevD4.4A6CfvBtETgyZdI2kVP1NIdINmDdOmK'),
('S-0073', 'Maurice Izakson', 'maurice@gmail.com', '$2y$10$U8uqfI.1ukVc5.AYML1V4.C3oze7rM7PPeUSOITo6XqEJygzC7ZSG'),
('S-0097', 'Maxy Shutler', 'maxy@gmail.com', '$2y$10$zTPRFJNzCoILnQCUk/LuWujm/jTEz4YsxPekZczV2xHuOCQGH4T9K'),
('S-0050', 'Merla Capponer', 'merla@gmail.com', '$2y$10$4YIVuLCWPi5W5syEKycqIu4mHKafvmOG/qJyHzgU9G6jauguuk6/y'),
('S-0017', 'Miltie Iacivelli', 'miltie@gmail.com', '$2y$10$aN2JGXukCs3KLj2vfwFm.uSstP0FcHrrnMdhZ49quYXB4aMUS54D.'),
('S-0009', 'Min Cubbino', 'min@gmail.com', '$2y$10$lAzdDKqacM1oTmEUTCsBo.lh1IkaRJxR5iZNHT0Irft3qKRmr8Ixa'),
('S-0067', 'Monah Pacheco', 'monah@gmail.com', '$2y$10$NZ8ouXw9j5VP49CiGEYNs.l1UKZYomhndWc/DanliOFxx9sgTaWfW'),
('S-0016', 'Mort Macey', 'mort@gmail.com', '$2y$10$lHVJa1vH0dDuz/3se4K0lOgtVj.8bAbBrATOO77ojNUEOFSGUpYFi'),
('T-5001', 'Muhammad Anas', 'muhammadanas@gmail.com', '$2y$10$WnvJrofx40/XKspMfbBGPOFuPj46GRmYboMDaUhItVEGcFT2wA.BS'),
('T-5006', 'Muhammad Bilal', 'muhammadbilal@gmail.com', '$2y$10$NCSoc3wVqUVo.eznbE0aheqQ4IEvfULdphwOcpgOiJ4FPElK2Jpu6'),
('T-5022', 'Muhammad Usama', 'muhammadusama@gmail.com', '$2y$10$JAmkU03HJpivZ8mNH/o2yeUF0rPDuaIFUmzGeBUCzwRWXpamKwsn2'),
('S-0032', 'Murry Troker', 'murry@gmail.com', '$2y$10$VVaGG9ApgA3lfFLIF.XS0.XBAWn3gDAIGM6MDRNlbeYqbeInzcM3y'),
('T-5005', 'Musab Khan', 'musabkhan@gmail.com', '$2y$10$9pCxcyWMEU3yFS0TKVZQu.WsVKVgwRzDmKw4XRGPCo5teK9yc0.w6'),
('T-5014', 'Mushaf Khan', 'mushafkhan@gmail.com', '$2y$10$b8nsQvaD7a/LzTyDq0DnjucwvJfuDbEJMF8WLFrI51xB2IcLbOY0K'),
('S-0015', 'Nancey Pawlett', 'nancey@gmail.com', '$2y$10$PzX9R6dlwaDEDAWHQagWs.C0/JhQpz9y5cAANQVkCcNi//yhpO7ve'),
('S-0008', 'Natalya Brodley', 'natalya@gmail.com', '$2y$10$ZK8NT7AVKHuzmSquBI8QQ./R7aYFzPIc/mNXp2Ek1gN.ocFP9uuI2'),
('S-0093', 'Natividad Gould', 'natividad@gmail.com', '$2y$10$yqOzstJYFb9zTAVjEpcLyOnFkUuuvmJO4xuRIAWqIXkaoeuq9XVwi'),
('S-0005', 'Nesta Jori', 'nesta@gmail.com', '$2y$10$UKlhr073P5DgyV25RUdn4e9u1K8e3JH2/3aZVCRED56IcM3/lzvzG'),
('S-0094', 'Nial Pashba', 'nial@gmail.com', '$2y$10$wwvtE/9QTpC0qlmR9IqspeQPtJVcR57T9cNyZulrW1B9y0ndJpEji'),
('T-0999', 'nnj hh', 'nnj@gmail.com', '$2y$10$HqDtThIgUwW7EPXH3RMmb.IzANfyu8fxdRaRmzFmBmN9IurVW2KcW'),
('S-0077', 'Noel Kendall', 'noel@gmail.com', '$2y$10$HxkPKK3ptXZGKzobqvt4KeJiQs5Aa9BOsVTjpRi6t/7Z6LOfAmIZm'),
('S-0057', 'Orin Rust', 'orin@gmail.com ', '$2y$10$yDYHB..q2A7c2KgfnOJtf.0/TBeTfaVAEPMuHk4TQLUV4uGNvvFYy'),
('S-0058', 'Patience Huchot', 'patience@gmail.com', '$2y$10$NzolWoUIY5aNpMydXvM5BuVzsVNrLIa8pbTiVX6GEQpKHOclC4VLK'),
('S-0068', 'Patton Repper', 'patton@gmail.com', '$2y$10$SwhbWlynO3NmKnpQY6P9IOP04/aEzrWi2nztzvoqJbI5N7wW0EXJi'),
('S-0087', 'Philipa Griswood', 'philipa@gmail.com', '$2y$10$aXQdXjEbdgYgVYgbipuK3uU.H5UFxUDrG646xBnbKqfoCgt0e7sim'),
('S-0024', 'Pinchas Kennerley', 'pinchas@gmail.com', '$2y$10$eew1HSZsbuuq9AJ0E19FruL3STwEwKM5XTjw1SxCYmytPj1MaWjfi'),
('S-0084', 'Reinaldos Thurske', 'reinaldos@gmail.com', '$2y$10$eXvj9kDvOiUiy4oVcKPIqOqYMuG/RHaBf/tGF58VtIso6zUfwwbuC'),
('S-0078', 'Renaud Butte', 'renaud@gmail.com', '$2y$10$Cb3iiVnc7JfUuYNYqWtz0.T.ONE3wiwHHPxE61bATua6leYxRYZAW'),
('S-0082', 'Rene Blanden', 'rene@gmail.com', '$2y$10$dNcP8gPlDsGlgXiJfYAnHOiRWrKbVvy1TyH6zjp0wAYbh24vupkIG'),
('S-0054', 'Rivalee McCorkell', 'rivalee@gmail.com', '$2y$10$S1LA96xTLepaSc11Wlbhz.ypX.cQ5KkQhKjezEnhMX6IbiTyYvm7e'),
('S-0060', 'Ronna Profit', 'ronna@gmail.com', '$2y$10$f6GGcBzIZ6DtFV0HfvYBhu2ZIwcNU1dZ7damR4puTYFk6/yC1r5Zu'),
('s-111', 's x', 's@gmail.com', '$2y$10$52Tfy.yoim/2KUB47khORuzQa6oReE/qBjcWpQXpUWa7gxESRYGLS'),
('T-5012', 'Sadia Noor', 'sadianoor@gmail.com', '$2y$10$rvuCnyN8DVSlMa.vZSBSjOTUszMKTqh5PGzS3dM.Wk/mfgB3ddTgK'),
('T-5011', 'Saif Usman', 'saifusman@gmail.com', '$2y$10$kiGOYnzGOvqEiNZDvFGelu3m6kHNE/0Q9vYd2a.ETUMzOvSvENKxa'),
('T-5023', 'Samia Gull', 'samiagull@gmail.com', '$2y$10$2xdgPgOb4u5xBMRFpt/EVu8QuSMmLf3Rl30keObv.laDGxn/a4Imu'),
('S-0066', 'Sargent Le Clercq', 'sargent@gmail.com', '$2y$10$Y5piSCbhFpy39rURpPXZQ.kBcahEM6Sf9FgJ0Uf5sE7IzWa3HviOC'),
('S-0085', 'Sean Veschambes', 'sean@gmail.com', '$2y$10$MeObKzx3Z.NdkiJmumrG8e9I7JFY1p34AnLpuKhBMtalNtBBEFzxS'),
('C-04', 'sny any', 'sny@gmail.com', '$2y$10$BH/fr24QpLu9rCtnREqt7uTr2aNWcvNxfoh6ZeR5cVwmptRsFEQcW'),
('S-0079', 'Sophey Hara', 'sophey@gmail.com', '$2y$10$Glh9GvcyeRlZTeFGNr62uelJh7/IWGT49/mtPRqOBxZtjjx/AnIRm'),
('S-0090', 'Steffen Haddy', 'steffen@gmail.com', '$2y$10$CsRLmr11x2R/WNuvmysl3OgK8XFvUoVuASGNldy6UIZ7c9lLUxoWq'),
('T-5019', 'Sufia Saqib', 'sufiasaqib@gmail.com', '$2y$10$o9Kp8rG.4z8LCP99/V9qaO8SK3aWCmS0CUpKAo2t7WDA2ob2.dI9G'),
('S-0071', 'Sullivan Nazer', 'sullivan@gmail.com', '$2y$10$37ytqXLC0OH7vemmiZTOhufj3ZsSj9/NSTuCfEOiVE7/I9qfbSoLu'),
('S-0052', 'Syd Ishaki', 'syd@gmail.com', '$2y$10$wPhFE9Hk.Iv4D/0Rv3bt4eR5mKU3Ow8qf8cYhfryOHkYec3dMjnky'),
('S-0091', 'Tallie Breckin', 'tallie@gmail.com', '$2y$10$nbNx9XKQ4tpMInNOv.RuMuA.nXxw5MspYEzaeZtaXfvoZF.pbmL8W'),
('S-0007', 'Tally Volkers', 'tally@gmail.com', '$2y$10$8rWDyOZaVAmQqJxB5VCUuOU0Pi3vscw7jwloE/hWK2NReGvVxSXym'),
('T-5018', 'Tayyaba Khan', 'tayyabakhan@gmail.com', '$2y$10$ED00EK/FydSw81zCy7ZytOJd6sjGqv7DQsG1lVc4.8S9oBj.zn6Ki'),
('C-03', 'Three B', 'Three@gmail.com', '$2y$10$0KF04KMvrgwd0DQ/bg1J3uDGeDDliu10ef5mcBluaaR.uO7i6WXhG'),
('S-0030', 'Trixi Pidgley', 'trixi@gmail.com', '$2y$10$kk/jbC1tQH01DhWdxlWk4eyE0a2m1HnygOzbeo5gVBz68KC.m9wBu'),
('T-5024', 'Tuba Shafi', 'tubashafi@gmail.com', '$2y$10$pjElif1hvdHkd/cAZWZJL.ZNufVeUv7Oanv.R/44JU.vclCjbiqQK'),
('S-0027', 'Umberto Osan', 'umberto@gmail.com', '$2y$10$8Ax1h1d0T1IXzMwibezRk.e8iTHaFWCG4hw3gpc1jdOeeeQR3SIU.'),
('S-0065', 'Wendeline Stive', 'wendeline@gmail.com', '$2y$10$44nXbCOWQ3qGWiamdSyRoO2GKJQu6fhbrrCEOu.63NNeMgm8oftvy'),
('S-0033', 'Wolfgang Drohane', 'wolfgang@gmail.com', '$2y$10$7rbtcUpD2kLih5hoYZwy1e5qNJUe49GiO3gK.cAlLGj6ELwf7hamG'),
('S-0092', 'Yuma Heffron', 'yuma@gmail.com', '$2y$10$3CNCOMtI1JsCeEAohV56CO3XWoPwg3JKv5iYLGQmhc8vpqTO.yg36'),
('T-5003', 'Zainab Umer', 'zainabumer@gmail.com', '$2y$10$GueXTXhdh0jVSFsBwwsjY.6s3MRgPQEgTIA1cw/L7kLMqsYqitGhy'),
('T-5013', 'Zehra Neshat', 'zehraneshat@gmail.com', '$2y$10$ZQ2jWDJiAqJ3xgDZbm0/8uC4Is1eWF34Vr628ImM9OBHToZYmA8C.'),
('S-0061', 'Zora Halloran', 'zora@gmail.com', '$2y$10$N0qKnU970ujR3Qs6oDSPjel0oAo3Ev6.Ng1uH8rBRA02LxJYH2wFq');

--
-- Indexes for dumped tables
--

--
-- Indexes for table `adds_subject`
--
ALTER TABLE `adds_subject`
  ADD PRIMARY KEY (`SUB_ID`),
  ADD KEY `FK_ADDS_SUBJECT` (`C_ID`);

--
-- Indexes for table `admin`
--
ALTER TABLE `admin`
  ADD PRIMARY KEY (`A_ID`);

--
-- Indexes for table `class`
--
ALTER TABLE `class`
  ADD UNIQUE KEY `S_ID` (`S_ID`),
  ADD KEY `FK_C_T_ID` (`T_ID`),
  ADD KEY `C_ID` (`C_ID`,`S_ID`);

--
-- Indexes for table `enrolls_student`
--
ALTER TABLE `enrolls_student`
  ADD PRIMARY KEY (`S_ID`),
  ADD KEY `FK_ENROLLS_CID` (`C_ID`);

--
-- Indexes for table `exam`
--
ALTER TABLE `exam`
  ADD PRIMARY KEY (`E_ID`,`S_ID`),
  ADD KEY `FK_E_S_ID` (`S_ID`),
  ADD KEY `FK_E_SUB_ID` (`SUB_ID`),
  ADD KEY `FK_E_T_ID` (`T_ID`);

--
-- Indexes for table `hires_teacher`
--
ALTER TABLE `hires_teacher`
  ADD PRIMARY KEY (`T_ID`);

--
-- Indexes for table `student`
--
ALTER TABLE `student`
  ADD PRIMARY KEY (`S_ID`),
  ADD KEY `FK_T_ID` (`T_ID`);

--
-- Indexes for table `subject`
--
ALTER TABLE `subject`
  ADD PRIMARY KEY (`SUB_ID`),
  ADD KEY `FK_SUB_T_ID` (`T_ID`);

--
-- Indexes for table `teacher`
--
ALTER TABLE `teacher`
  ADD PRIMARY KEY (`T_ID`);

--
-- Indexes for table `teaches_subject`
--
ALTER TABLE `teaches_subject`
  ADD PRIMARY KEY (`SUB_ID`,`T_ID`);

--
-- Indexes for table `users`
--
ALTER TABLE `users`
  ADD UNIQUE KEY `email` (`email`);

--
-- Constraints for dumped tables
--

--
-- Constraints for table `exam`
--
ALTER TABLE `exam`
  ADD CONSTRAINT `FK_E_SUB_ID` FOREIGN KEY (`SUB_ID`) REFERENCES `subject` (`SUB_ID`),
  ADD CONSTRAINT `FK_E_S_ID` FOREIGN KEY (`S_ID`) REFERENCES `student` (`S_ID`),
  ADD CONSTRAINT `FK_E_T_ID` FOREIGN KEY (`T_ID`) REFERENCES `teacher` (`T_ID`);

--
-- Constraints for table `student`
--
ALTER TABLE `student`
  ADD CONSTRAINT `FK_T_ID` FOREIGN KEY (`T_ID`) REFERENCES `teacher` (`T_ID`);
COMMIT;

/*!40101 SET CHARACTER_SET_CLIENT=@OLD_CHARACTER_SET_CLIENT */;
/*!40101 SET CHARACTER_SET_RESULTS=@OLD_CHARACTER_SET_RESULTS */;
/*!40101 SET COLLATION_CONNECTION=@OLD_COLLATION_CONNECTION */;
